Workbook

Sheet Samples
A1: batchID | B1: Vial | C1: Sample Name | D1: Volume | E1: Buffer | F1: Acq. method | G1: Sample Type | H1: Run Time | I1: Flow Rate | J1: Column type | K1: Proc. method | L1: Injection source | M1: Data file | N1: Inj/Vial | O1: Valve Position
A2: a1 | B2: D1F-G01 | C2: Lysozyme_5mg_sep19 | D2: 50 | E2: 25mMHepes_pH8.0_50mM_Potassium_Acetate_1mMIP6_1mMTCEP_5percent_glycerol | F2: superdex_5_150_channel_B.amx | G2: Sample | H2: =VLOOKUP($F2,Info!$C$11:$H$27,4,0) -> 15 | I2: =VLOOKUP($F2,Info!$C$11:$H$27,5,0) -> 0.3 | J2: =VLOOKUP($F2,Info!$C$11:$H$27,3,0) -> GE Superdex Increase 200 5/150 GL | K2: =VLOOKUP($F2,Info!$C$11:$H$27,6,0) -> CSV_ADF_export.pmx | L2: =VLOOKUP($F2,Info!$C$11:$J$27,7,0) -> HipAls | M2: a | N2: =VLOOKUP($F2,Info!$C$11:$K$27,9,0) -> 1 | O2: =VLOOKUP($F2,Info!$C$11:$L$28, 10,0) -> B
A3: a2 | B3: D1F-H01 | C3: DDM0 | D3: 50 | E3: DDM0 | F3: superdex_5_150_channel_B.amx | G3: Sample | H3: =VLOOKUP($F3,Info!$C$11:$H$27,4,0) -> 15 | I3: =VLOOKUP($F3,Info!$C$11:$H$27,5,0) -> 0.3 | J3: =VLOOKUP($F3,Info!$C$11:$H$27,3,0) -> GE Superdex Increase 200 5/150 GL | K3: =VLOOKUP($F3,Info!$C$11:$H$27,6,0) -> CSV_ADF_export.pmx | L3: =VLOOKUP($F3,Info!$C$11:$J$27,7,0) -> HipAls | M3: a | N3: =VLOOKUP($F3,Info!$C$11:$K$27,9,0) -> 1 | O3: =VLOOKUP($F3,Info!$C$11:$L$28, 10,0) -> B
A4: a1 | B4: D1F-H01 | C4: Lysozyme_5mg_sep19 | D4: 50 | E4: 25mMHepes_pH8.0_50mM_Potassium_Acetate_1mMIP6_1mMTCEP_5percent_glycerol | F4: superdex_5_150_channel_B.amx | G4: Sample | H4: =VLOOKUP($F4,Info!$C$11:$H$27,4,0) -> 15 | I4: =VLOOKUP($F4,Info!$C$11:$H$27,5,0) -> 0.3 | J4: =VLOOKUP($F4,Info!$C$11:$H$27,3,0) -> GE Superdex Increase 200 5/150 GL | K4: =VLOOKUP($F4,Info!$C$11:$H$27,6,0) -> CSV_ADF_export.pmx | L4: =VLOOKUP($F4,Info!$C$11:$J$27,7,0) -> HipAls | M4: a | N4: =VLOOKUP($F4,Info!$C$11:$K$27,9,0) -> 1 | O4: =VLOOKUP($F4,Info!$C$11:$L$28, 10,0) -> B
A5: a1 | B5: D1F-B02 | C5: Lysozyme_5mg_sep19_V | D5: 50 | E5: 25mMHepes_pH8.0_50mM_Potassium_Acetate_1mMIP6_1mMTCEP_5percent_glycerol | F5: superdex_5_150_channel_B.amx | G5: Sample | H5: =VLOOKUP($F5,Info!$C$11:$H$27,4,0) -> 15 | I5: =VLOOKUP($F5,Info!$C$11:$H$27,5,0) -> 0.3 | J5: =VLOOKUP($F5,Info!$C$11:$H$27,3,0) -> GE Superdex Increase 200 5/150 GL | K5: =VLOOKUP($F5,Info!$C$11:$H$27,6,0) -> CSV_ADF_export.pmx | L5: =VLOOKUP($F5,Info!$C$11:$J$27,7,0) -> HipAls | M5: a | N5: =VLOOKUP($F5,Info!$C$11:$K$27,9,0) -> 1 | O5: =VLOOKUP($F5,Info!$C$11:$L$28, 10,0) -> B
A6: a1 | B6: D1F-D02 | C6: Lysozyme_5mg_sep19_E | D6: 80 | E6: 25mMHepes_pH8.0_50mM_Potassium_Acetate_1mMIP6_1mMTCEP_5percent_glycerol | F6: superdex_5_150_channel_B.amx | G6: Sample | H6: =VLOOKUP($F6,Info!$C$11:$H$27,4,0) -> 15 | I6: =VLOOKUP($F6,Info!$C$11:$H$27,5,0) -> 0.3 | J6: =VLOOKUP($F6,Info!$C$11:$H$27,3,0) -> GE Superdex Increase 200 5/150 GL | K6: =VLOOKUP($F6,Info!$C$11:$H$27,6,0) -> CSV_ADF_export.pmx | L6: =VLOOKUP($F6,Info!$C$11:$J$27,7,0) -> HipAls | M6: a | N6: =VLOOKUP($F6,Info!$C$11:$K$27,9,0) -> 1 | O6: =VLOOKUP($F6,Info!$C$11:$L$28, 10,0) -> B

Sheet Info
A1: Instructions:
A2: 1. Do not change the header line in the Samples sheet.
A3: 2. Do not change this sheet other than the method listing below.
A4: 2. List only valid method files (starting on row 10), and fill in the correct parameters for the method.
A7: valid Vial Names | B7: DF1-***
B8: 1
A10: valid methods | B10: # | C10: Acq. method | D10: ColumnID | E10: Column Type | F10: Run Time | G10: Flow Rate A | H10: Proc. method | I10: Injection source | J10: Data file | K10: Inj/Vial | L10: Valve Position
A11: should be column_type, flowrate, time(min) | B11: 1 | C11: Injection_5.amx | D11: 1 | E11: GE Superdex Increase 200 5/150 GL | F11: 12 | G11: 0.5 | H11: processing_test_AIA.pmx | I11: HipAls | J11: a | K11: 1 | L11: A
B12: 2 | C12: superdex_200_5_150_old.amx | D12: 1 | E12: GE Superdex Increase 200 5/150 GL | F12: 12 | G12: 0.35 | H12: CSV_ADF_export.pmx | I12: HipAls | J12: a | K12: 1 | L12: A
B13: 3 | C13: dSEC2B.amx | D13: 1 | E13: dSEC2 | F13: 15 | G13: 0.35 | H13: CSV_ADF_export.pmx | I13: HipAls | J13: a | K13: 1 | L13: B
B14: 4 | C14: superdex_5_150_channel_B.amx | D14: 1 | E14: GE Superdex Increase 200 5/150 GL | F14: 15 | G14: 0.3 | H14: CSV_ADF_export.pmx | I14: HipAls | J14: a | K14: 1 | L14: B
B15: 5 | C15: noUV_lamp.amx | D15: 1 | E15: None | F15: 5 | G15: 0.35 | H15: CSV_ADF_export.pmx | I15: HipAls | J15: a | K15: 1 | L15: check
B16: 6 | C16: superdex_5_150.amx | D16: 1 | E16: GE Superdex Increase 200 5/150 GL | F16: 20 | G16: 0.35 | H16: CSV_ADF_export.pmx | I16: HipAls | J16: a | K16: 1 | L16: A
B17: 7 | C17: dSEC2_035_25min.amx | D17: 1 | E17: dSEC2 | F17: 15 | G17: 0.35 | H17: CSV_ADF_export.pmx | I17: HipAls | J17: a | K17: 1 | L17: B
B18: 8 | C18: Sepharose4B.amx | D18: 1 | E18: Sepharose4B | F18: 40 | G18: 0.1 | H18: CSV_ADF_export.pmx | I18: HipAls | J18: a | K18: 1 | L18: check
B19: 9 | C19: test.amx | D19: 1 | E19: no_column | F19: 4 | G19: 0.35 | H19: CSV_ADF_export.pmx | I19: HipAls | J19: a | K19: 1 | L19: B
B20: 10 | C20: superdex_10_300_channel_C.amx | D20: 1 | E20: GE Superdex Increase 200 10/300 GL | F20: 40 | G20: 0.75 | H20: CSV_ADF_export.pmx | I20: HipAls | J20: a | K20: 1 | L20: B
B21: 11 | C21: superdex_200_3.2_300.amx | D21: 1 | E21: Superdex 200 Increase 3.2 300 | F21: 40 | G21: 0.075 | H21: CSV_ADF_export.pmx | I21: HipAls | J21: a | K21: 1 | L21: B
B22: 12 | C22: superdex_5_150_channel_C.amx | D22: 1 | E22: GE Superdex Increase 200 5/150 GL | F22: 12 | G22: 0.35 | H22: CSV_ADF_export.pmx | I22: HipAls | J22: a | K22: 1 | L22: A
B23: 13 | C23: superdex_10_300_channel_B.amx | D23: 1 | E23: GE Superdex Increase 200 10/300 GL | F23: 50 | G23: 0.5 | H23: CSV_ADF_export.pmx | I23: HipAls | J23: a | K23: 1 | L23: B
B24: 14 | C24: dsec7_optimize.amx | D24: 1 | E24: dSEC7 | F24: 15 | G24: 0.35 | H24: CSV_ADF_export.pmx | I24: HipAls | J24: a | K24: 1 | L24: B
A25: valid column type | C25: GE Superdex Increase 75 5/150 GL
C26: GE Superdex Increase 75 10/300 GL
C27: GE Superdex Increase 200 5/150 GL
C28: GE Superdex Increase 200 10/300 GL
C29: None
C30: dSEC2
C31: Sepharose4B
C32: Superdex 200 Increase 3.2 300
C33: dSEC7
A35: Sample Type | C35: Sample
C36: Blank
C37: Cal. Std.
C38: Sys Suit
A40: Other valid name of columns

Sheet Agilent_Tray_format
A1: 96-well Format
A2: D1F-A01 | B2: D1F-B01 | C2: D1F-C01 | D2: D1F-D01 | E2: D1F-E01 | F2: D1F-F01 | G2: D1F-G01 | H2: D1F-H01
A3: D1F-A02 | B3: D1F-B02 | C3: D1F-C02 | D3: D1F-D02 | E3: D1F-E02 | F3: D1F-F02 | G3: D1F-G02 | H3: D1F-H02
A4: D1F-A03 | B4: D1F-B03 | C4: D1F-C03 | D4: D1F-D03 | E4: D1F-E03 | F4: D1F-F03 | G4: D1F-G03 | H4: D1F-H03
A5: D1F-A04 | B5: D1F-B04 | C5: D1F-C04 | D5: D1F-D04 | E5: D1F-E04 | F5: D1F-F04 | G5: D1F-G04 | H5: D1F-H04
A6: D1F-A05 | B6: D1F-B05 | C6: D1F-C05 | D6: D1F-D05 | E6: D1F-E05 | F6: D1F-F05 | G6: D1F-G05 | H6: D1F-H05
A7: D1F-A06 | B7: D1F-B06 | C7: D1F-C06 | D7: D1F-D06 | E7: D1F-E06 | F7: D1F-F06 | G7: D1F-G06 | H7: D1F-H06
A8: D1F-A07 | B8: D1F-B07 | C8: D1F-C07 | D8: D1F-D07 | E8: D1F-E07 | F8: D1F-F07 | G8: D1F-G07 | H8: D1F-H07
A9: D1F-A08 | B9: D1F-B08 | C9: D1F-C08 | D9: D1F-D08 | E9: D1F-E08 | F9: D1F-F08 | G9: D1F-G08 | H9: D1F-H08
A10: D1F-A09 | B10: D1F-B09 | C10: D1F-C09 | D10: D1F-D09 | E10: D1F-E09 | F10: D1F-F09 | G10: D1F-G09 | H10: D1F-H09
A11: D1F-A10 | B11: D1F-B10 | C11: D1F-C10 | D11: D1F-D10 | E11: D1F-E10 | F11: D1F-F10 | G11: D1F-G10 | H11: D1F-H10
A12: D1F-A11 | B12: D1F-B11 | C12: D1F-C11 | D12: D1F-D11 | E12: D1F-E11 | F12: D1F-F11 | G12: D1F-G11 | H12: D1F-H11
A13: D1F-A12 | B13: D1F-B12 | C13: D1F-C12 | D13: D1F-D12 | E13: D1F-E12 | F13: D1F-F12 | G13: D1F-G12 | H13: D1F-H12
A15: Vial Format
